chr,start,end,FDR,Signal
20,26188600,26190799,0,8.160247409
12,53772800,53774799,0,7.034625445
1,110880400,110882599,0,7.00649134
19,39339600,39341799,0,6.957280796
19,42772000,42773799,0,6.93341112
